"Timestamp","Action","Class","From","To","SHA256"
"20260122-071728","MOVE","technical","C:\unificard\docs\ARCHITECTURAL_GUARDRAILS.md","C:\unificard\docs\03_technical\ARCHITECTURAL_GUARDRAILS.md","835B5F578990DA4C99AC56B0F5D7F80ACAA1EB3E6260D26E3597A274E429AD6F"
"20260122-071728","MOVE","technical","C:\unificard\docs\ARCHITECTURAL_SOURCE_OF_TRUTH.md","C:\unificard\docs\03_technical\ARCHITECTURAL_SOURCE_OF_TRUTH.md","8FF6B3E0F26969D07357867A65FC42583F87CF1FA0008DF2C1E7C4B45CA23E65"
"20260122-071728","MOVE","technical","C:\unificard\docs\ARCHITECTURAL_VALIDATION.md","C:\unificard\docs\03_technical\ARCHITECTURAL_VALIDATION.md","4AB95FC106B09DB73663D476BE10BD276A94EFCEB6183289D1FB688C213193A9"
"20260122-071728","MOVE","technical","C:\unificard\docs\ARCHITECTURE_CATEGORY_CORE.md","C:\unificard\docs\03_technical\ARCHITECTURE_CATEGORY_CORE.md","524EB61404AC9797307F8F215CCE93DB3B9155512B7F393105D53B76E96C33F2"
"20260122-071728","MOVE","normative","C:\unificard\docs\CANONICAL_CONTEXT_FOR_AI.md","C:\unificard\docs\01_normative\CANONICAL_CONTEXT_FOR_AI.md","F23C0A5DE3635338E2BD55AADD775FE92C10F815347CE2740F313A1C3CBDE6E8"
"20260122-071728","MOVE","normative","C:\unificard\docs\groups-create-contract.md","C:\unificard\docs\01_normative\groups-create-contract.md","1D1FA9F481B7BC12FBD3A2D36EDA6B66F1AE2A9F65FA9E91D8465012ECED5E8A"
"20260122-071728","MOVE","guides","C:\unificard\docs\README_CURSOR_MODE.md","C:\unificard\docs\04_guides\README_CURSOR_MODE.md","89237963C6331DA710A4297AA40B973DA96E3397C2D771025474B41EDC165476"
"20260122-071728","MOVE","guides","C:\unificard\docs\README_ORGANIZACAO.md","C:\unificard\docs\04_guides\README_ORGANIZACAO.md","86F617E16FAB78050F130D80AFB1BDFCCE7C6D32FF1D2D921741D0933928E326"
"20260122-071728","MOVE","guides","C:\unificard\docs\README.md","C:\unificard\docs\04_guides\README.md","BC12335120055A093582C34E118A0BA2931D6B12D6546B04DC69CA0377510B69"
"20260122-071728","MOVE","decisions","C:\unificard\docs\SERVICE_BOOKING_DECISION_IMPLEMENTACAO.md","C:\unificard\docs\02_decisions\SERVICE_BOOKING_DECISION_IMPLEMENTACAO.md","D0ADF8773B661F8E5A88D8F2246D395C2F06325DD2A6322C345DEEC80CD3CAF0"
"20260122-071728","MOVE","technical","C:\unificard\docs\SPEC_DASHBOARD_CONFIANCA.md","C:\unificard\docs\03_technical\SPEC_DASHBOARD_CONFIANCA.md","9FCE922D10F9C4619E7E85CA8F9942CCB0DE3AA783DE1ADA6FDE6A0A1583D962"
"20260122-071728","MOVE","technical","C:\unificard\docs\UNIFY_BANK_ESPECIFICACAO_COMPLETA.md","C:\unificard\docs\03_technical\UNIFY_BANK_ESPECIFICACAO_COMPLETA.md","064441482F3779592554F8ED43DA4EB510E865CB825421E74B58933038156412"
"20260122-071728","MOVE","normative","C:\unificard\docs\USER_PROFILE_CONTRACT.md","C:\unificard\docs\01_normative\USER_PROFILE_CONTRACT.md","FE3ACB4197AD641B967DE8AE1E8AF0A39F2E60F5164E7E31EAA26FABC05DBCED"
"20260122-071728","MOVE","normative","C:\unificard\docs\01_CONTRATOS_CANONICOS\CATEGORY_SYSTEM_CONTRACT_UNIFICARD.md","C:\unificard\docs\01_normative\CATEGORY_SYSTEM_CONTRACT_UNIFICARD.md","9E12BCC0DFCFEC2AACCE69240F800BB009BD37EACB6E66FB04857FC3324FF2AC"
"20260122-071728","MOVE","normative","C:\unificard\docs\01_CONTRATOS_CANONICOS\operational_commitment_minimum_contract.md","C:\unificard\docs\01_normative\operational_commitment_minimum_contract.md","58E557663FF0FD6563BAE162F5C998CE5CCF69C7E7AA726DD20F5506FB95F6DD"
"20260122-071728","MOVE","technical","C:\unificard\docs\02_GOVERNANCA\ARCHITECTURAL_GUARDRAILS.md","C:\unificard\docs\03_technical\ARCHITECTURAL_GUARDRAILS_20260122-071728.md","EC7A5CED79676DF24A29FF8902F5CAC65FDA474F29D09FA79E9EAA4EBE43E1CE"
"20260122-071728","MOVE","guides","C:\unificard\docs\02_GOVERNANCA\guideline_metadata_contexto_agenda_universal.md","C:\unificard\docs\04_guides\guideline_metadata_contexto_agenda_universal.md","62864BE6AD68D7E31C9DEB870FA065F9907D3F9EC13E560B8191EB00F77D18A8"
"20260122-071728","MOVE","guides","C:\unificard\docs\07_ONBOARDING\_README.md","C:\unificard\docs\04_guides\_README.md","A7AA39321DB672C0286BDC735A0872B4F0981B0CBFB0F6565F7B36FD41CF5997"
"20260122-071728","MOVE","guides","C:\unificard\docs\07_ONBOARDING\README_TREINAMENTO_IA_UNIFICARD.md","C:\unificard\docs\04_guides\README_TREINAMENTO_IA_UNIFICARD.md","81A8ACFDA3254312DBCECF43C902D782B685A17612F9030BF9FE8C1637D8E622"
"20260122-071728","MOVE","normative","C:\unificard\docs\11_FASES\fase_5_event_creation\FASE_5_WIZARD_ORQUESTRATOR_CONTRACT.md","C:\unificard\docs\01_normative\FASE_5_WIZARD_ORQUESTRATOR_CONTRACT.md","302D6899137529B4F910A082C207FE3FA5513A6D7B42E75DDB00520FCB54F751"
"20260122-071728","MOVE","technical","C:\unificard\docs\11_FASES\fase_5_event_creation\birthday\02_birthday_eventspec_v1.md","C:\unificard\docs\03_technical\02_birthday_eventspec_v1.md","8D36EB6075D7F2389D5F4984D1917EEC75DD50A73F3B53BA1F826AF3E098952A"
"20260122-071728","MOVE","technical","C:\unificard\docs\11_FASES\fase_5_event_creation\birthday\FASE_5_EVENTSPEC_IMMUTABILITY_AND_VERSIONING.md","C:\unificard\docs\03_technical\FASE_5_EVENTSPEC_IMMUTABILITY_AND_VERSIONING.md","B6A87C73F92D5145BC6DDDA46F80130E947A4899C2B00A0E3C35F71AFBA5FA79"
"20260122-071728","MOVE","normative","C:\unificard\docs\99_ARQUIVO_MORTO\verevent_domain_minimum_contract.md","C:\unificard\docs\01_normative\verevent_domain_minimum_contract.md","C6FEF185472F0373FAFB257A62D7AC6EAB5173741090DD75221024D4795092E6"
"20260122-071728","MOVE","normative","C:\unificard\docs\architecture\AI_CATEGORY_HIERARCHY_CANONICAL_FLOW.md","C:\unificard\docs\01_normative\AI_CATEGORY_HIERARCHY_CANONICAL_FLOW.md","45F582D140BC2033BF0E7E6227E1E5BC76EB8047997A1499A554228FC0E4D674"
"20260122-071728","MOVE","technical","C:\unificard\docs\architecture\AI_CATEGORY_HIERARCHY_DIAGNOSTIC.md","C:\unificard\docs\03_technical\AI_CATEGORY_HIERARCHY_DIAGNOSTIC.md","2C75B66789C9E2EEA7D744649E65B7E40F4D953BF634C807E3A8CAABDCC427CC"
"20260122-071728","MOVE","technical","C:\unificard\docs\architecture\ANALISE_ARQUITETURAL_VALIDACAO.md","C:\unificard\docs\03_technical\ANALISE_ARQUITETURAL_VALIDACAO.md","801386538EB3892116EF402C6BABA65A1DBFB4D931E9686A89958971D84574BC"
"20260122-071728","MOVE","technical","C:\unificard\docs\architecture\anti_patterns.md","C:\unificard\docs\03_technical\anti_patterns.md","4405EC091146F58FB80F4D6520C7870A2F8E070CB210D1D75C1070FAFEFD6898"
"20260122-071728","MOVE","technical","C:\unificard\docs\architecture\arquivos_criticos.md","C:\unificard\docs\03_technical\arquivos_criticos.md","82C2CFB5CE51E009F32729A4DCBE3040ED01A5998763E45CCD8944FD8092C023"
"20260122-071728","MOVE","normative","C:\unificard\docs\architecture\CONTRACTS.md","C:\unificard\docs\01_normative\CONTRACTS.md","2A8D00689713CD5F02C055401C8F3106D1DB369CE5C0B01E322DC5D1BAE14D2E"
"20260122-071728","MOVE","technical","C:\unificard\docs\architecture\CORRECAO_CODIGO_INDICACAO.md","C:\unificard\docs\03_technical\CORRECAO_CODIGO_INDICACAO.md","50423A43DDB2E1AAEBB3BF742D956E2915B8A6BF8CD4950143FE01B1C9A13677"
"20260122-071728","MOVE","technical","C:\unificard\docs\architecture\CORRECAO_TENANT_MISMATCH.md","C:\unificard\docs\03_technical\CORRECAO_TENANT_MISMATCH.md","D0D81719AC74D0B0AE907727A3AE9CFA9C003491782B1C5B55F60C7CC44B2EB1"
"20260122-071728","MOVE","technical","C:\unificard\docs\architecture\engineering_readme.md","C:\unificard\docs\03_technical\engineering_readme.md","814D27C3C88DDFFA4E3CA742E66E97BA05FC4F634D33E98CAADE96CF74240631"
"20260122-071728","MOVE","decisions","C:\unificard\docs\architecture\padrao_arquitetural_modulos.md","C:\unificard\docs\02_decisions\padrao_arquitetural_modulos.md","DC39D5E5E4B3B1509405629344E5CD56B8A464C2E40EAEC46260AA98A8A88FC0"
"20260122-071728","MOVE","technical","C:\unificard\docs\architecture\SOLUCAO_FINAL_REFERRAL_CPF_SPLIT.md","C:\unificard\docs\03_technical\SOLUCAO_FINAL_REFERRAL_CPF_SPLIT.md","71B86307BC0E8B0E696347E3D1920117B630E0F6DB86E87DA96843D47F33C7E9"
"20260122-071728","MOVE","normative","C:\unificard\docs\BACKEND\00_CONTRATOS_TECNICOS\dados\Database_Canonical_Truth_Contract.md","C:\unificard\docs\01_normative\Database_Canonical_Truth_Contract.md","3B73A798683F763AD2FD2FABCF6852BE845C6898B01974C271308B94FDB92B73"
"20260122-071728","MOVE","normative","C:\unificard\docs\BACKEND\00_CONTRATOS_TECNICOS\decisao\DECISION_CORE_CONTRACT.md","C:\unificard\docs\01_normative\DECISION_CORE_CONTRACT.md","55197FD35702F1939F43ED5A3F2DD8B9604CA317751FA932CB57F4515B3BF0F9"
"20260122-071728","MOVE","normative","C:\unificard\docs\BACKEND\00_CONTRATOS_TECNICOS\decisao\DECISION_SAFETY_AND_CONTAINMENT_CONTRACT.md","C:\unificard\docs\01_normative\DECISION_SAFETY_AND_CONTAINMENT_CONTRACT.md","D9B594291A8BF5577CD9DB11CD2BA708768E04DB0199C6A4F7ECB7187429BB21"
"20260122-071728","MOVE","normative","C:\unificard\docs\BACKEND\00_CONTRATOS_TECNICOS\eventos\AGENDA_UNIVERSAL_CONTRACT.md","C:\unificard\docs\01_normative\AGENDA_UNIVERSAL_CONTRACT.md","B1DAC372524BBC8EBCE2A6F2D45EE7EA4CEDFE24FC3F0C6C5FB4D07A4A95D613"
"20260122-071728","MOVE","normative","C:\unificard\docs\BACKEND\00_CONTRATOS_TECNICOS\eventos\EVENT_DOMAIN_MINIMUM_CONTRACT.md","C:\unificard\docs\01_normative\EVENT_DOMAIN_MINIMUM_CONTRACT.md","A057032EDE672ABDBC2E015B2143D6369C7C7830D73D612F3AE2A9F7C0437BB3"
"20260122-071728","MOVE","normative","C:\unificard\docs\BACKEND\00_CONTRATOS_TECNICOS\identidade\IDENTITY_CORE_CONTRACT.md","C:\unificard\docs\01_normative\IDENTITY_CORE_CONTRACT.md","5C662CDBA486D9371A5B109C37619EB41DD51FD9754C4F0ECDBB5E3E5B006BD6"
"20260122-071728","MOVE","normative","C:\unificard\docs\BACKEND\00_CONTRATOS_TECNICOS\identidade\USER_PROFILE_CONTRACT.md","C:\unificard\docs\01_normative\USER_PROFILE_CONTRACT_20260122-071728.md","FE3ACB4197AD641B967DE8AE1E8AF0A39F2E60F5164E7E31EAA26FABC05DBCED"
"20260122-071728","MOVE","normative","C:\unificard\docs\BACKEND\00_CONTRATOS_TECNICOS\integridade\CORE_VS_MODULOS_CONTRACT.md","C:\unificard\docs\01_normative\CORE_VS_MODULOS_CONTRACT.md","EC44079397E8E4660367FB993EECF21940390A36898785EA3F327C0B07177A59"
"20260122-071728","MOVE","normative","C:\unificard\docs\BACKEND\00_CONTRATOS_TECNICOS\integridade\FRONTEND_BACKEND_CONTRACT.md","C:\unificard\docs\01_normative\FRONTEND_BACKEND_CONTRACT.md","DE8203A3AC87CB99A34394D589F0F4757D723D78F9AC01DC8AB50DE4BCBE27D5"
"20260122-071728","MOVE","normative","C:\unificard\docs\BACKEND\01_REGRAS_E_INVARIANTES\CORE_IMUTAVEL.md","C:\unificard\docs\01_normative\CORE_IMUTAVEL.md","42A2BB54DC8A17A2FA0FC99265A9E031E64001994BABEA3B01BEEAC7F0B51F79"
"20260122-071728","MOVE","normative","C:\unificard\docs\BACKEND\01_REGRAS_E_INVARIANTES\CORE_TEMPORAL_HARDENING_CONTRACT.md","C:\unificard\docs\01_normative\CORE_TEMPORAL_HARDENING_CONTRACT.md","A917B3596E31B5479F5D19AFFDEF74F400D2A77EEAE5A4C18DD86F435D3CC73A"
"20260122-071728","MOVE","normative","C:\unificard\docs\BACKEND\01_REGRAS_E_INVARIANTES\DECISION_CORE_HARDENING_CONTRACT.md","C:\unificard\docs\01_normative\DECISION_CORE_HARDENING_CONTRACT.md","00E9320715F3C65561F44EB24FD22D4A8EC1F10E78B195C94B6F62B17918192E"
"20260122-071728","MOVE","technical","C:\unificard\docs\BACKEND\02_PROTOCOLOS_DE_IMPLEMENTACAO\MOMENTO DE FECHAMENTO DO EVENTSPEC.txt","C:\unificard\docs\03_technical\MOMENTO DE FECHAMENTO DO EVENTSPEC.txt","C3359D04C600EE7A52ADA2ADF9C6401053A146FB7EDF46EBA75DF3858832DB9F"
"20260122-071728","MOVE","normative","C:\unificard\docs\contracts\CONTRATO_EVENTOS_V1.2.md","C:\unificard\docs\01_normative\CONTRATO_EVENTOS_V1.2.md","C240D9C43EAD31BFC0D853480110CC7CEC435F40D4BF8E1D70400B43D7727C2B"
"20260122-071728","MOVE","normative","C:\unificard\docs\contracts\CONTRATO_EVENTOS_V1.3.md","C:\unificard\docs\01_normative\CONTRATO_EVENTOS_V1.3.md","81F7A004D35DA3C23991FE771D64AB92F3F0BDCC804569825E2B3147F4F493FF"
"20260122-071728","MOVE","normative","C:\unificard\docs\contracts\CONTRATO_EVENTOS_V1.4_SECAO_5.10.md","C:\unificard\docs\01_normative\CONTRATO_EVENTOS_V1.4_SECAO_5.10.md","ABCF012886B30A040BD2BD2DF5E2B79B4FC5F0571B03753B6E0C650CF9F69B18"
"20260122-071728","MOVE","normative","C:\unificard\docs\contracts\CONTRATO_EVENTOS_V1.md","C:\unificard\docs\01_normative\CONTRATO_EVENTOS_V1.md","559D60736049E15D715F60F0178B148553F8BC0046E8EAF1B1D28FBB03B886D4"
"20260122-071728","MOVE","normative","C:\unificard\docs\contracts\CONTRATO_GRUPOS_V1.md","C:\unificard\docs\01_normative\CONTRATO_GRUPOS_V1.md","326F40E42FE2F4D659935D18FCB1C0D912F0A58167667191730D39308F3F4F17"
"20260122-071728","MOVE","decisions","C:\unificard\docs\decisions\CORRECAO_AUTOCOMPLETE_CATEGORIAS.md","C:\unificard\docs\02_decisions\CORRECAO_AUTOCOMPLETE_CATEGORIAS.md","06B739592EEAF7AB4B12507E0D8D5FB12D4F85A8E23BB2283786443FE6012A6D"
"20260122-071728","MOVE","decisions","C:\unificard\docs\decisions\CORRECAO_INDEX_IDEMPOTENTE.md","C:\unificard\docs\02_decisions\CORRECAO_INDEX_IDEMPOTENTE.md","8C218FC0C309083D6E65753B1033DCF4A25C1AB2B9D8A48F2ED21AE0B2F10481"
"20260122-071728","MOVE","decisions","C:\unificard\docs\decisions\CORRECAO_RBAC_IDEMPOTENTE.md","C:\unificard\docs\02_decisions\CORRECAO_RBAC_IDEMPOTENTE.md","4C9A4A9BDDA41AF563B1E9D437B8EF38672611904840B150055B5F8A7B174000"
"20260122-071728","MOVE","decisions","C:\unificard\docs\decisions\CORRECAO_VALIDACAO_EMPRESAS.md","C:\unificard\docs\02_decisions\CORRECAO_VALIDACAO_EMPRESAS.md","91B5CCCB6E9C98C8B58E62EFE170E9D7777DC3852D5BD332BF02C24D5F56A07A"
"20260122-071728","MOVE","decisions","C:\unificard\docs\decisions\CORRECOES_ESTRUTURAIS.md","C:\unificard\docs\02_decisions\CORRECOES_ESTRUTURAIS.md","5631DE01D75B7AE460EF1AA8188BC4F729152188F57776E2EE7E0D0232086E30"
"20260122-071728","MOVE","decisions","C:\unificard\docs\decisions\edge_cases_eventos.md","C:\unificard\docs\02_decisions\edge_cases_eventos.md","3ABC8CCCDE0EDD17ABA00D16A3EF8C4EF967C7C2EBB27AC1886395A36C5D22C1"
"20260122-071728","MOVE","decisions","C:\unificard\docs\decisions\estado_atual_modulo_eventos.md","C:\unificard\docs\02_decisions\estado_atual_modulo_eventos.md","A4CA460D6B6EEE5C1BD25B5A59C94D5C11091B1F4932C25BBC496B01CD3F144C"
"20260122-071728","MOVE","decisions","C:\unificard\docs\decisions\fluxo_visual_dinheiro.md","C:\unificard\docs\02_decisions\fluxo_visual_dinheiro.md","D89B5E188861A6EF0B58EA8DA77BD0E5545FB10A7F0C16FB0CEAFE7718FFBE23"
"20260122-071728","MOVE","decisions","C:\unificard\docs\decisions\implementacao_identity_status_gate.md","C:\unificard\docs\02_decisions\implementacao_identity_status_gate.md","1ADBDC4DEFB1A781BC531C15C76F1A9006573AAB63C41C472ADFA66765E8CB4B"
"20260122-071728","MOVE","decisions","C:\unificard\docs\decisions\mapeamento_autenticacao_fase3.md","C:\unificard\docs\02_decisions\mapeamento_autenticacao_fase3.md","E3F2866BF289039E6F7B67C741ADEF54B4A33517346D1E3B9B6E1F7C41431A8A"
"20260122-071728","MOVE","decisions","C:\unificard\docs\decisions\profiles.md","C:\unificard\docs\02_decisions\profiles.md","B1776FAD2EB4EB1A760B4DA28D9005DDCA22F1D713EFDF76BDADCBA954570664"
"20260122-071728","MOVE","decisions","C:\unificard\docs\decisions\proposta_step2_intencao_final.md","C:\unificard\docs\02_decisions\proposta_step2_intencao_final.md","AD1CEA7B3EDE24978639EF6E98EEC2DDA41465729CF3D4D47D31CB42C4105FDA"
"20260122-071728","MOVE","decisions","C:\unificard\docs\decisions\spec_dashboard_confianca.md","C:\unificard\docs\02_decisions\spec_dashboard_confianca.md","9FCE922D10F9C4619E7E85CA8F9942CCB0DE3AA783DE1ADA6FDE6A0A1583D962"
"20260122-071728","MOVE","decisions","C:\unificard\docs\decisions\status_atual_projeto.md","C:\unificard\docs\02_decisions\status_atual_projeto.md","A7F6EFC3A15834812730CF7ED94AEA518EF225328E278801579767E9DA7DB3A9"
"20260122-071728","MOVE","technical","C:\unificard\docs\dev\PROPERTY_CATEGORY_HIERARCHY_IDEMPOTENT_STATUS.md","C:\unificard\docs\03_technical\PROPERTY_CATEGORY_HIERARCHY_IDEMPOTENT_STATUS.md","64FD64BCAF1936F4A0A5FCCD2E3814B9910C3BA2B21F9FE3FB4EA9DA03F7FC3F"
"20260122-071728","MOVE","guides","C:\unificard\docs\dev\readme_auto_start.md","C:\unificard\docs\04_guides\readme_auto_start.md","856E719DAE9827228CEB7A80FC473CD5DBEA293C4FC5B0F4B699D469250D93B5"
"20260122-071728","MOVE","technical","C:\unificard\docs\dev\scripts\solucao_rapida.ps1","C:\unificard\docs\03_technical\solucao_rapida.ps1","B80226BEEA3460242A06D14748D5F4357BCAF538EAE21E5B708E42C5AC9FD97A"
"20260122-071728","MOVE","technical","C:\unificard\docs\dev\sql\archive-non-professions.sql","C:\unificard\docs\03_technical\archive-non-professions.sql","265FABFD52F61C5E2486C054378D0248F5BC06582BA4DC050CD2DD21706A0044"
"20260122-071728","MOVE","decisions","C:\unificard\docs\FRONTEND\00_CONTRATOS_DE_EXPERIENCIA\PADRAO_FRONTEND_CANONICO.md","C:\unificard\docs\02_decisions\PADRAO_FRONTEND_CANONICO.md","46FAC200522FC97F87EC23AABFAD1D3B333D4189382BFC40BB11BB91CB0329E8"
"20260122-071728","MOVE","technical","C:\unificard\docs\_archive\backend-error.log","C:\unificard\docs\03_technical\backend-error.log","E3B0C44298FC1C149AFBF4C8996FB92427AE41E4649B934CA495991B7852B855"
"20260122-071728","MOVE","technical","C:\unificard\docs\_archive\backend-output.log","C:\unificard\docs\03_technical\backend-output.log","E3B0C44298FC1C149AFBF4C8996FB92427AE41E4649B934CA495991B7852B855"
"20260122-071728","MOVE","technical","C:\unificard\docs\_archive\backend-ts-errors.txt","C:\unificard\docs\03_technical\backend-ts-errors.txt","CDD84D78A6D30928A5550AEAF11C2DDAF0FF0DC2B30CC8C9ACE2906CBDC38704"
"20260122-071728","MOVE","technical","C:\unificard\docs\_archive\changelog_recente.md","C:\unificard\docs\03_technical\changelog_recente.md","F4A02B2166A50D77735B944CCDECEA106D37B5E490D0D439A2F8A2DDB36CFCF0"
"20260122-071728","MOVE","technical","C:\unificard\docs\_archive\erro_corrigido.md","C:\unificard\docs\03_technical\erro_corrigido.md","5738CD27940DEBFCA5702DB4BB205738D664B7167932503D439B5D0B3336F812"
"20260122-071728","MOVE","technical","C:\unificard\docs\_archive\fluxo_visual_dinheiro_duplicado.md","C:\unificard\docs\03_technical\fluxo_visual_dinheiro_duplicado.md","7CB62D2CF53871DD5DB0B645F4C79AAD6EB0A146B437A25CAFEC5BCDD329B8C2"
"20260122-071728","MOVE","technical","C:\unificard\docs\_archive\frontend-ts-errors.txt","C:\unificard\docs\03_technical\frontend-ts-errors.txt","423A2E44BFB1306DCFCA9F24397F73E5C21D630787B7561C19C9AEEA780A155F"
"20260122-071728","MOVE","technical","C:\unificard\docs\_archive\guia_comparacao_zip_claudia.md","C:\unificard\docs\03_technical\guia_comparacao_zip_claudia.md","7837054F1FDCCF410030238BBFBBB3C08D73135A65511F1CA9422F0AF5734AC4"
"20260122-071728","MOVE","technical","C:\unificard\docs\_archive\higiene_repositorio_relatorio.md","C:\unificard\docs\03_technical\higiene_repositorio_relatorio.md","E857712BBCB9B841B99A3867C59F1EEA9DE1BC367AB517476C31D62F9541ED1D"
"20260122-071728","MOVE","technical","C:\unificard\docs\_archive\primeira_tarefa_planejamento.md","C:\unificard\docs\03_technical\primeira_tarefa_planejamento.md","6E613300D636CDC94D57CA729309A14D041DA79A60B3642C9AF3DE4E7EE3F654"
"20260122-071728","MOVE","technical","C:\unificard\docs\_archive\problema_resolvido.md","C:\unificard\docs\03_technical\problema_resolvido.md","E9B04EA76AC6697A96268774A9E82FE1855F18EF60CE22C89C70142191015811"
"20260122-071728","MOVE","technical","C:\unificard\docs\_archive\relatorio_passo_3_3.md","C:\unificard\docs\03_technical\relatorio_passo_3_3.md","E574B53023F3390EEF2434CEDAAA58D182E0C401DFE2AE99EA87094D55ED96FC"
"20260122-071728","MOVE","technical","C:\unificard\docs\_archive\resumo_correcoes_bootstrap.md","C:\unificard\docs\03_technical\resumo_correcoes_bootstrap.md","36E3EE24503F2E3A5C2DC637BD97288D93B0ECD9A3162E2B3879952DC0C36457"
"20260122-071728","MOVE","technical","C:\unificard\docs\_archive\resumo_correcoes_finais.md","C:\unificard\docs\03_technical\resumo_correcoes_finais.md","89139692D6336CB7DADE2FB6A7A96FCAAFC81DE67AD79D51FC4BD88A49A89C87"
"20260122-071728","MOVE","technical","C:\unificard\docs\_archive\resumo_para_continuidade.md","C:\unificard\docs\03_technical\resumo_para_continuidade.md","8E5F3073D2866B23519A3B04B8AF22EFB822BB2B02054F05EFA3A8450922628F"
"20260122-071728","MOVE","technical","C:\unificard\docs\_archive\resumo_problema_backend.txt","C:\unificard\docs\03_technical\resumo_problema_backend.txt","7B7731813DF8B08407EA09D0223504B1FE54AE47C8244F097617D557281FFC57"
"20260122-071728","MOVE","technical","C:\unificard\docs\_archive\resumo_sistema_auto_start.md","C:\unificard\docs\03_technical\resumo_sistema_auto_start.md","DA45B31F4B63B5DDECCD6B362C5F6D7127489E3DCF5EB5C65D0CE4E2CE419752"
"20260122-071728","MOVE","technical","C:\unificard\docs\_archive\solucao_rapida.md","C:\unificard\docs\03_technical\solucao_rapida.md","709EE8E1F3A9ED5FEB0107030B3CB54ED376B9038CA6E4462F4494BAFBA28D3D"
"20260122-071728","MOVE","technical","C:\unificard\docs\_archive\ts-errors.txt","C:\unificard\docs\03_technical\ts-errors.txt","06E0A7ED9514024697E35616B3A2E4725C1ADF324C7DFB4171610A97B699E637"
"20260122-071728","MOVE","technical","C:\unificard\docs\_archive\typescript-errors.log","C:\unificard\docs\03_technical\typescript-errors.log","7C94A0C1F54DD9BAE8A6B94111D866A3ED30DE6EA64B10E7154AC66013E01614"
"20260122-071728","MOVE","technical","C:\unificard\docs\_archive\veredito_aplicado.md","C:\unificard\docs\03_technical\veredito_aplicado.md","6764FF0555C99833E77BBDD22EAD634F516263F971BEA56B50D5454044C15AAF"
